NEW SOUTH WALES,LGA,"Persons, 0-4 yearsNumber",Total persons,%,,"Persons, 5-9 yearsNumber",Total persons,%,,"Persons, 10-14 yearsNumber",Total persons,%,,"Persons, 15-19 yearsNumber",Total persons,%,,"Persons, 20-24 yearsNumber",Total persons,%,,"Persons, 25-29 yearsNumber",Total persons,%,,"Persons, 30-34 yearsNumber",Total persons,%,,"Persons, 35-39 yearsNumber",Total persons,%,,"Persons, 40-44 yearsNumber",Total persons,%,,"Persons, 45-49 yearsNumber",Total persons,%,,"Persons, 50-54 yearsNumber",Total persons,%,,"Persons, 55-59 yearsNumber",Total persons,%,,"Persons, 60-64 yearsNumber",Total persons,%,,"Persons, 65-69 yearsNumber",Total persons,%,,"Persons, 70-74 yearsNumber",Total persons,%,,"Persons, 75-79 yearsNumber",Total persons,%,,"Persons, 80-84 yearsNumber",Total persons,%,,"Persons, 85 years and overNumber",Total persons,%
10050,Albury (C),3689,53767,6.861085796,,3454,53767,6.42401473,,3313,53767,6.161772091,,3308,53767,6.152472706,,3848,53767,7.156806219,,3612,53767,6.717875277,,3336,53767,6.204549259,,3272,53767,6.085517139,,3235,53767,6.016701694,,3430,53767,6.379377685,,3111,53767,5.786076962,,3454,53767,6.42401473,,3105,53767,5.7749177,,2812,53767,5.229973776,,2425,53767,4.510201425,,1774,53767,3.299421578,,1243,53767,2.311826957,,1346,53767,2.503394275
10130,Armidale Regional (A),1802,30707,5.868368776,,1841,30707,5.995375647,,1861,30707,6.060507376,,2685,30707,8.743934608,,3183,30707,10.36571466,,1893,30707,6.164718142,,1844,30707,6.005145407,,1616,30707,5.262643697,,1560,30707,5.080274856,,1786,30707,5.816263393,,1796,30707,5.848829257,,1962,30707,6.389422607,,1732,30707,5.640407725,,1464,30707,4.767642557,,1318,30707,4.292180936,,1011,30707,3.292408897,,652,30707,2.123294363,,701,30707,2.282867099
10250,Ballina (A),2218,44208,5.017191459,,2636,44208,5.962721679,,2606,44208,5.894860659,,2655,44208,6.005700326,,1880,44208,4.252623959,,1771,44208,4.006062251,,2114,44208,4.78193992,,2348,44208,5.311255881,,2474,44208,5.596272168,,2943,44208,6.657166124,,2898,44208,6.555374593,,3271,44208,7.399113283,,3202,44208,7.243032935,,3245,44208,7.340300398,,2749,44208,6.218331524,,1936,44208,4.379297865,,1442,44208,3.261853058,,1820,44208,4.116901918
10300,Balranald (A),165,2340,7.051282051,,154,2340,6.581196581,,168,2340,7.179487179,,131,2340,5.598290598,,165,2340,7.051282051,,129,2340,5.512820513,,117,2340,5,,143,2340,6.111111111,,127,2340,5.427350427,,132,2340,5.641025641,,128,2340,5.47008547,,191,2340,8.162393162,,183,2340,7.820512821,,148,2340,6.324786325,,82,2340,3.504273504,,76,2340,3.247863248,,51,2340,2.179487179,,50,2340,2.136752137
10470,Bathurst Regional (A),2711,43206,6.274591492,,2887,43206,6.681942323,,2931,43206,6.783780031,,3124,43206,7.230477249,,3367,43206,7.792899134,,3019,43206,6.987455446,,2670,43206,6.179697264,,2510,43206,5.809378327,,2527,43206,5.848724714,,2814,43206,6.512984308,,2584,43206,5.980650836,,2668,43206,6.175068278,,2370,43206,5.485349257,,2191,43206,5.071054946,,1802,43206,4.17071703,,1231,43206,2.849141323,,858,43206,1.985835301,,942,43206,2.180252743
10550,Bega Valley (A),1647,34348,4.795039012,,1895,34348,5.517060673,,2007,34348,5.843134971,,1889,34348,5.499592407,,1285,34348,3.741120298,,1326,34348,3.860486782,,1435,34348,4.177826948,,1493,34348,4.346686852,,1653,34348,4.812507278,,2122,34348,6.177943403,,2359,34348,6.867939909,,3033,34348,8.830208455,,3147,34348,9.162105508,,2909,34348,8.469197624,,2458,34348,7.156166298,,1650,34348,4.803773145,,1051,34348,3.059857925,,989,34348,2.87935251
10600,Bellingen (A),620,12963,4.782843478,,840,12963,6.479981486,,864,12963,6.665123814,,757,12963,5.839697601,,382,12963,2.946848723,,493,12963,3.803131991,,539,12963,4.15798812,,646,12963,4.983414333,,689,12963,5.315127671,,901,12963,6.95055157,,910,12963,7.019979943,,1057,12963,8.153976703,,1186,12963,9.149116717,,976,12963,7.529121345,,796,12963,6.140553884,,583,12963,4.497415722,,385,12963,2.969991514,,339,12963,2.615135385
10650,Berrigan (A),444,8707,5.099345354,,498,8707,5.719536006,,535,8707,6.144481452,,422,8707,4.846675089,,333,8707,3.824509016,,423,8707,4.858160101,,415,8707,4.766280005,,412,8707,4.731824968,,446,8707,5.122315378,,503,8707,5.776961066,,472,8707,5.420925692,,579,8707,6.649821982,,667,8707,7.660503044,,790,8707,9.073159527,,669,8707,7.683473068,,467,8707,5.363500632,,318,8707,3.652233835,,314,8707,3.606293787
10750,Blacktown (C),30041,366534,8.195965449,,28638,366534,7.813190591,,25037,366534,6.830744215,,24253,366534,6.616848642,,26029,366534,7.101387593,,27292,366534,7.445966813,,30976,366534,8.451057746,,30769,366534,8.394582767,,25623,366534,6.990620243,,23415,366534,6.388220465,,20711,366534,5.650498999,,19291,366534,5.263086098,,16462,366534,4.491261384,,13521,366534,3.688880158,,10296,366534,2.809016353,,6309,366534,1.721259146,,4159,366534,1.134683276,,3712,366534,1.012730061
10800,Bland (A),348,5985,5.814536341,,430,5985,7.184628237,,438,5985,7.318295739,,348,5985,5.814536341,,309,5985,5.162907268,,275,5985,4.594820384,,304,5985,5.079365079,,332,5985,5.547201337,,358,5985,5.981620718,,343,5985,5.730994152,,347,5985,5.797827903,,451,5985,7.53550543,,416,5985,6.950710109,,356,5985,5.948203843,,300,5985,5.012531328,,241,5985,4.0267335,,175,5985,2.923976608,,214,5985,3.575605681
10850,Blayney (A),454,7342,6.183601199,,557,7342,7.586488695,,521,7342,7.096159085,,503,7342,6.850994279,,341,7342,4.644511032,,373,7342,5.080359575,,366,7342,4.985017706,,378,7342,5.14846091,,414,7342,5.63879052,,523,7342,7.123399619,,493,7342,6.71479161,,555,7342,7.559248161,,501,7342,6.823753746,,448,7342,6.101879597,,356,7342,4.848815037,,238,7342,3.241623536,,156,7342,2.124761645,,165,7342,2.247344048
10900,Blue Mountains (C),4385,79260,5.532424931,,5076,79260,6.404239213,,5194,79260,6.553116326,,5067,79260,6.392884179,,4154,79260,5.240979056,,3346,79260,4.221549331,,4052,79260,5.11228867,,4544,79260,5.733030532,,5155,79260,6.503911178,,5889,79260,7.42997729,,5169,79260,6.521574565,,5866,79260,7.40095887,,5616,79260,7.085541257,,5366,79260,6.770123644,,4453,79260,5.618218521,,2612,79260,3.29548322,,1720,79260,2.170073177,,1596,79260,2.013626041
10950,Bogan (A),199,2621,7.592521938,,184,2621,7.02022129,,152,2621,5.799313239,,133,2621,5.074399084,,171,2621,6.524227394,,206,2621,7.859595574,,134,2621,5.112552461,,107,2621,4.082411293,,155,2621,5.913773369,,202,2621,7.706982068,,169,2621,6.447920641,,186,2621,7.096528043,,125,2621,4.769172072,,126,2621,4.807325448,,132,2621,5.036245708,,115,2621,4.387638306,,71,2621,2.708889737,,54,2621,2.060282335
11100,Botany Bay (C),3288.220575,52915.58947,6.214086639,,2718.942078,52915.58947,5.138262854,,2389.088279,52915.58947,4.514904403,,2636.099311,52915.58947,4.981706408,,4246.526276,52915.58947,8.025094909,,5673.970867,52915.58947,10.72268291,,5514.050948,52915.58947,10.42046588,,4301.451334,52915.58947,8.128892406,,3430.236746,52915.58947,6.482469119,,3277.296254,52915.58947,6.193441833,,2833.343993,52915.58947,5.354459852,,2739.273453,52915.58947,5.176685132,,2380.895038,52915.58947,4.499420798,,2121.442418,52915.58947,4.009106653,,1780.664298,52915.58947,3.365103396,,1347.939811,52915.58947,2.547339687,,1073.92143,52915.58947,2.029499134,,1162.226357,52915.58947,2.196377983
11150,Bourke (A),224,2630,8.517110266,,226,2630,8.593155894,,191,2630,7.262357414,,139,2630,5.285171103,,126,2630,4.790874525,,191,2630,7.262357414,,180,2630,6.844106464,,144,2630,5.475285171,,135,2630,5.133079848,,210,2630,7.984790875,,202,2630,7.680608365,,167,2630,6.349809886,,158,2630,6.007604563,,115,2630,4.372623574,,76,2630,2.88973384,,66,2630,2.509505703,,35,2630,1.330798479,,45,2630,1.711026616
11200,Brewarrina (A),115,1655,6.948640483,,131,1655,7.915407855,,145,1655,8.761329305,,102,1655,6.163141994,,97,1655,5.86102719,,158,1655,9.546827795,,111,1655,6.70694864,,90,1655,5.438066465,,63,1655,3.806646526,,125,1655,7.552870091,,139,1655,8.398791541,,130,1655,7.854984894,,79,1655,4.773413897,,72,1655,4.350453172,,40,1655,2.416918429,,28,1655,1.6918429,,18,1655,1.087613293,,12,1655,0.725075529
11250,Broken Hill (C),1013,17734,5.712191271,,1036,17734,5.841885643,,985,17734,5.55430247,,946,17734,5.334385925,,958,17734,5.402052554,,1182,17734,6.665162964,,1084,17734,6.11255216,,931,17734,5.249802639,,845,17734,4.764858464,,1089,17734,6.140746588,,1172,17734,6.608774106,,1351,17734,7.618134657,,1197,17734,6.74974625,,1152,17734,6.495996391,,951,17734,5.362580354,,718,17734,4.048719973,,550,17734,3.101387166,,574,17734,3.236720424
11300,Burwood (A),1784,39886,4.47274733,,1718,39886,4.307275736,,1594,39886,3.996389711,,2136,39886,5.355262498,,4992,39886,12.51566966,,5431,39886,13.61630647,,3729,39886,9.349145063,,2540,39886,6.368149225,,2068,39886,5.184776613,,2223,39886,5.573384145,,2116,39886,5.305119591,,2092,39886,5.244948102,,1887,39886,4.730983302,,1443,39886,3.617810761,,1226,39886,3.073760217,,956,39886,2.396830968,,887,39886,2.223837938,,1064,39886,2.667602668
11350,Byron (A),1883,34574,5.446289119,,1962,34574,5.67478452,,2026,34574,5.859894719,,1755,34574,5.076068722,,1353,34574,3.913345288,,1943,34574,5.61982993,,2195,34574,6.348701336,,2227,34574,6.441256435,,2508,34574,7.2540059,,2691,34574,7.783305374,,2424,34574,7.011048765,,2706,34574,7.826690577,,2861,34574,8.275004339,,2306,34574,6.669751837,,1671,34574,4.833111587,,859,34574,2.484525944,,563,34574,1.628391277,,641,34574,1.853994331
11400,Cabonne (A),785,13680,5.738304094,,1023,13680,7.478070175,,1129,13680,8.252923977,,974,13680,7.119883041,,560,13680,4.093567251,,538,13680,3.932748538,,591,13680,4.320175439,,763,13680,5.57748538,,808,13680,5.906432749,,991,13680,7.244152047,,895,13680,6.542397661,,1030,13680,7.529239766,,845,13680,6.176900585,,826,13680,6.038011696,,759,13680,5.548245614,,509,13680,3.720760234,,328,13680,2.397660819,,326,13680,2.383040936
11450,Camden (A),8296,94159,8.81062883,,7753,94159,8.233944711,,6911,94159,7.339712614,,6397,94159,6.793827462,,6283,94159,6.672755658,,7210,94159,7.657260591,,8065,94159,8.565299122,,7315,94159,7.768774095,,6799,94159,7.220764876,,6251,94159,6.63877059,,5140,94159,5.458851517,,4642,94159,4.929958899,,3900,94159,4.141930139,,3231,94159,3.431429816,,2497,94159,2.651897323,,1511,94159,1.604732421,,1017,94159,1.080087936,,941,94159,0.9993734
11500,Campbelltown (C),12988,168139,7.724561226,,12528,168139,7.45097806,,11359,168139,6.75571997,,11051,168139,6.572538198,,12339,168139,7.338571063,,12735,168139,7.574090485,,13207,168139,7.854810603,,12547,168139,7.462278234,,10710,168139,6.369729807,,9862,168139,5.865385187,,9733,168139,5.788662951,,9972,168139,5.930807249,,8846,168139,5.261123237,,7532,168139,4.479626975,,5711,168139,3.396594484,,3276,168139,1.948387941,,2019,168139,1.200792202,,1724,168139,1.025342128
11520,Canada Bay (A),5883,95159,6.182284387,,4994,95159,5.248058513,,4419,95159,4.643806681,,4256,95159,4.472514423,,7125,95159,7.487468342,,9324,95159,9.798337519,,8985,95159,9.442091657,,7664,95159,8.053888755,,6490,95159,6.820164146,,6296,95159,6.616294833,,5592,95159,5.876480417,,5381,95159,5.654746267,,4597,95159,4.830862031,,4069,95159,4.276001219,,3483,95159,3.660189788,,2453,95159,2.577790855,,1872,95159,1.967233788,,2276,95159,2.391786379
11570,Canterbury-Bankstown (A),27650,373931,7.394412338,,25521,373931,6.82505596,,23150,373931,6.190981759,,22895,373931,6.122787359,,27755,373931,7.422492385,,30762,373931,8.226651441,,29782,373931,7.964571004,,26427,373931,7.06734665,,23435,373931,6.267199029,,23109,373931,6.180017169,,21887,373931,5.853218909,,21406,373931,5.724585552,,18541,373931,4.958401416,,14680,373931,3.925857979,,12396,373931,3.315050103,,9181,373931,2.455265811,,7282,373931,1.947418107,,8072,373931,2.15868703
11600,Carrathool (A),198,2802,7.066381156,,183,2802,6.531049251,,204,2802,7.280513919,,132,2802,4.710920771,,147,2802,5.246252677,,228,2802,8.137044968,,172,2802,6.13847252,,160,2802,5.710206995,,183,2802,6.531049251,,194,2802,6.923625981,,197,2802,7.030692363,,209,2802,7.458957887,,187,2802,6.673804425,,128,2802,4.568165596,,89,2802,3.176302641,,74,2802,2.640970735,,61,2802,2.177016417,,56,2802,1.998572448
11650,Central Coast (C),20887,342047,6.106470748,,21927,342047,6.410522531,,21886,342047,6.398535874,,20639,342047,6.033966092,,20016,342047,5.85182738,,18957,342047,5.542220806,,19465,342047,5.690738407,,20012,342047,5.850657951,,20471,342047,5.984850035,,22954,342047,6.710773666,,21266,342047,6.217274234,,22649,342047,6.621604633,,20877,342047,6.103547173,,19190,342047,5.610340099,,18275,342047,5.342833002,,13181,342047,3.853563984,,9143,342047,2.673024467,,10252,342047,2.997248916
11700,Central Darling (A),146,1837,7.947740882,,138,1837,7.512248231,,92,1837,5.008165487,,117,1837,6.369080022,,112,1837,6.096897115,,134,1837,7.294501905,,121,1837,6.586826347,,133,1837,7.240065324,,94,1837,5.11703865,,110,1837,5.988023952,,119,1837,6.477953185,,121,1837,6.586826347,,122,1837,6.641262929,,92,1837,5.008165487,,86,1837,4.681545999,,53,1837,2.885138813,,24,1837,1.306477953,,23,1837,1.252041372
11720,Cessnock (C),4206,59101,7.116630852,,4225,59101,7.148779208,,4071,59101,6.888208321,,3601,59101,6.09295951,,3733,59101,6.316305985,,4074,59101,6.893284378,,4043,59101,6.840831796,,3795,59101,6.421211147,,3460,59101,5.854384867,,3791,59101,6.414443072,,3331,59101,5.636114448,,3820,59101,6.463511616,,3522,59101,5.959290029,,3162,59101,5.35016328,,2620,59101,4.433089119,,1548,59101,2.619245021,,1060,59101,1.793539872,,1039,59101,1.758007479
11730,Clarence Valley (A),2641,51647,5.113559355,,3001,51647,5.810598873,,3094,51647,5.990667415,,3054,51647,5.91321858,,2163,51647,4.188045772,,2126,51647,4.1164056,,2282,51647,4.418456057,,2347,51647,4.544310415,,2647,51647,5.12517668,,3235,51647,6.26367456,,3387,51647,6.557980134,,4121,51647,7.979166263,,4170,51647,8.074041087,,4036,51647,7.814587488,,3522,51647,6.819369954,,2415,51647,4.675973435,,1752,51647,3.392258989,,1654,51647,3.202509342
11750,Cobar (A),369,4722,7.814485388,,368,4722,7.79330792,,323,4722,6.840321898,,259,4722,5.484963998,,230,4722,4.87081745,,366,4722,7.750952986,,383,4722,8.110969928,,309,4722,6.543837357,,291,4722,6.162642948,,271,4722,5.739093604,,309,4722,6.543837357,,343,4722,7.263871241,,272,4722,5.760271072,,211,4722,4.468445574,,155,4722,3.282507412,,106,4722,2.244811521,,90,4722,1.905972046,,67,4722,1.418890301
11800,Coffs Harbour (C),4433,76551,5.790910635,,5074,76551,6.628260898,,4912,76551,6.416637274,,4728,76551,6.17627464,,3848,76551,5.026714217,,4148,76551,5.418609816,,4152,76551,5.42383509,,4187,76551,5.469556244,,4373,76551,5.712531515,,4869,76551,6.360465572,,4780,76551,6.244203211,,5527,76551,7.220023252,,5342,76551,6.9783543,,4989,76551,6.517223812,,4140,76551,5.408159266,,2914,76551,3.806612585,,2024,76551,2.643988975,,2111,76551,2.757638698
12000,Coolamon (A),256,4368,5.860805861,,284,4368,6.501831502,,348,4368,7.967032967,,301,4368,6.891025641,,188,4368,4.304029304,,223,4368,5.105311355,,186,4368,4.258241758,,204,4368,4.67032967,,271,4368,6.204212454,,276,4368,6.318681319,,304,4368,6.95970696,,290,4368,6.639194139,,259,4368,5.929487179,,269,4368,6.158424908,,254,4368,5.815018315,,194,4368,4.441391941,,128,4368,2.93040293,,133,4368,3.044871795
12150,Coonamble (A),359,4014,8.94369706,,257,4014,6.402590932,,282,4014,7.025411061,,230,4014,5.729945192,,188,4014,4.683607374,,228,4014,5.680119581,,239,4014,5.954160438,,209,4014,5.206776283,,185,4014,4.608868959,,269,4014,6.701544594,,279,4014,6.950672646,,291,4014,7.249626308,,275,4014,6.851021425,,217,4014,5.406078724,,214,4014,5.331340309,,130,4014,3.238664674,,81,4014,2.01793722,,81,4014,2.01793722
13510,Cootamundra-Gundagai Regional(A),596,11260,5.293072824,,685,11260,6.08348135,,792,11260,7.03374778,,649,11260,5.763765542,,512,11260,4.547069272,,493,11260,4.378330373,,512,11260,4.547069272,,564,11260,5.008880995,,559,11260,4.964476021,,696,11260,6.181172291,,688,11260,6.110124334,,822,11260,7.30017762,,799,11260,7.095914742,,826,11260,7.335701599,,695,11260,6.172291297,,607,11260,5.390763766,,359,11260,3.188277087,,406,11260,3.605683837
12350,Cowra (A),737,12767,5.77269523,,772,12767,6.046839508,,819,12767,6.41497611,,728,12767,5.702200987,,696,12767,5.45155479,,642,12767,5.028589332,,568,12767,4.448970001,,600,12767,4.699616198,,664,12767,5.200908592,,771,12767,6.039006814,,843,12767,6.602960758,,898,12767,7.03375891,,902,12767,7.065089684,,916,12767,7.174747396,,798,12767,6.250489543,,595,12767,4.66045273,,415,12767,3.25056787,,403,12767,3.156575546
12380,Cumberland (A),18868,236893,7.964777347,,16195,236893,6.836419818,,13424,236893,5.666693402,,12735,236893,5.375844791,,19250,236893,8.126031584,,24462,236893,10.32618102,,23661,236893,9.988053678,,19464,236893,8.216367727,,14894,236893,6.287226723,,12949,236893,5.466180934,,12437,236893,5.2500496,,11852,236893,5.003102667,,10419,236893,4.398188212,,8095,236893,3.41715458,,6640,236893,2.802953232,,4739,236893,2.00048123,,3288,236893,1.387968408,,3521,236893,1.48632505
18230,Dubbo Regional (A),4035,53240,7.578888054,,3873,53240,7.27460556,,3507,53240,6.587152517,,3203,53240,6.016153268,,3441,53240,6.463185575,,3980,53240,7.475582269,,3680,53240,6.912096168,,3200,53240,6.010518407,,3016,53240,5.664913599,,3262,53240,6.126972201,,3121,53240,5.862133734,,3403,53240,6.391810669,,2944,53240,5.529676935,,2553,53240,4.795266717,,2139,53240,4.017655898,,1642,53240,3.084147258,,1077,53240,2.022915101,,1164,53240,2.186326071
12700,Dungog (A),525,9346,5.617376418,,625,9346,6.687352878,,626,9346,6.698052643,,624,9346,6.676653114,,429,9346,4.590199016,,346,9346,3.702118553,,479,9346,5.125187246,,510,9346,5.456879949,,533,9346,5.702974535,,634,9346,6.78365076,,663,9346,7.093943933,,768,9346,8.217419217,,701,9346,7.500534988,,645,9346,6.90134817,,480,9346,5.13588701,,346,9346,3.702118553,,239,9346,2.557243741,,173,9346,1.851059277
12730,Edward River (A),538,8995,5.981100611,,543,8995,6.036687048,,549,8995,6.103390773,,510,8995,5.669816565,,496,8995,5.514174541,,537,8995,5.969983324,,453,8995,5.036131184,,449,8995,4.991662034,,453,8995,5.036131184,,598,8995,6.648137854,,523,8995,5.814341301,,656,8995,7.292940523,,669,8995,7.437465258,,604,8995,6.714841579,,466,8995,5.18065592,,355,8995,3.946637021,,334,8995,3.713173986,,262,8995,2.912729294
12750,Eurobodalla (A),1642,38288,4.288549937,,1933,38288,5.048579189,,2070,38288,5.406393648,,1962,38288,5.124320936,,1311,38288,3.42404931,,1317,38288,3.439720017,,1370,38288,3.578144588,,1572,38288,4.105725031,,1834,38288,4.790012537,,2243,38288,5.858232344,,2410,38288,6.294400334,,3277,38288,8.558817384,,3613,38288,9.436376933,,3684,38288,9.621813623,,3211,38288,8.386439616,,2133,38288,5.570936064,,1347,38288,3.518073548,,1359,38288,3.54941496
12850,Fairfield (C),12943,210612,6.145423813,,13306,210612,6.317778664,,13619,210612,6.466393178,,14603,210612,6.933603024,,16908,210612,8.028032591,,16323,210612,7.75027064,,13921,210612,6.609784818,,12855,210612,6.103640818,,12722,210612,6.04049152,,13940,210612,6.618806146,,13491,210612,6.405617914,,13795,210612,6.549959167,,12236,210612,5.809735438,,9800,210612,4.653106186,,7121,210612,3.381098893,,5396,210612,2.562057243,,3733,210612,1.772453611,,3900,210612,1.851746339
12870,Federation (A),597,12462,4.790563312,,787,12462,6.315198203,,731,12462,5.86583213,,679,12462,5.448563633,,561,12462,4.501685123,,552,12462,4.429465575,,469,12462,3.76344086,,603,12462,4.838709677,,562,12462,4.509709517,,745,12462,5.978173648,,785,12462,6.299149414,,928,12462,7.446637779,,956,12462,7.671320815,,1018,12462,8.168833253,,921,12462,7.39046702,,667,12462,5.352270904,,478,12462,3.835660408,,423,12462,3.394318729
12900,Forbes (A),671,9910,6.770938446,,704,9910,7.103935419,,674,9910,6.801210898,,701,9910,7.073662967,,551,9910,5.560040363,,517,9910,5.216952573,,500,9910,5.045408678,,538,9910,5.428859738,,485,9910,4.894046418,,582,9910,5.872855701,,597,9910,6.024217962,,650,9910,6.559031282,,578,9910,5.832492432,,636,9910,6.417759839,,523,9910,5.277497477,,393,9910,3.965691221,,360,9910,3.632694248,,250,9910,2.522704339
12930,Georges River (A),9072,158411,5.726875028,,8750,158411,5.523606315,,8261,158411,5.214915631,,9390,158411,5.927618663,,13283,158411,8.385150021,,14935,158411,9.428006893,,12824,158411,8.095397416,,11003,158411,6.945856033,,9484,158411,5.986957976,,9888,158411,6.241990771,,9612,158411,6.067760446,,9457,158411,5.969913705,,8396,158411,5.300136985,,6744,158411,4.257280113,,5788,158411,3.653786669,,4272,158411,2.69678242,,3287,158411,2.074982167,,3965,158411,2.502982747
12950,Gilgandra (A),245,4226,5.797444392,,318,4226,7.52484619,,271,4226,6.412683389,,264,4226,6.24704212,,184,4226,4.353999053,,224,4226,5.300520587,,182,4226,4.306672977,,206,4226,4.874585897,,219,4226,5.182205395,,219,4226,5.182205395,,285,4226,6.743965925,,315,4226,7.453857075,,311,4226,7.359204922,,266,4226,6.294368197,,267,4226,6.318031235,,217,4226,5.134879319,,124,4226,2.934216753,,109,4226,2.579271178
13010,Glen Innes Severn (A),450,8908,5.051638976,,551,8908,6.18545128,,567,8908,6.36506511,,491,8908,5.511899416,,361,8908,4.052537045,,417,8908,4.681185451,,440,8908,4.939380332,,444,8908,4.98428379,,454,8908,5.096542434,,551,8908,6.18545128,,519,8908,5.826223619,,694,8908,7.790749888,,683,8908,7.667265379,,665,8908,7.46519982,,606,8908,6.802873821,,447,8908,5.017961383,,285,8908,3.199371352,,283,8908,3.176919623
13310,Goulburn Mulwaree (A),1809,30852,5.863477246,,1952,30852,6.326980423,,1908,30852,6.184364061,,1803,30852,5.84402956,,1783,30852,5.779203941,,1983,30852,6.427460132,,1922,30852,6.229741994,,1783,30852,5.779203941,,1748,30852,5.665759108,,2160,30852,7.001166861,,1934,30852,6.268637365,,2099,30852,6.803448723,,1936,30852,6.275119927,,1874,30852,6.074160508,,1572,30852,5.09529366,,1112,30852,3.604304421,,707,30852,2.291585635,,767,30852,2.486062492
13340,Greater Hume Shire (A),645,10686,6.035934868,,850,10686,7.954332772,,846,10686,7.916900618,,751,10686,7.027886955,,399,10686,3.733857383,,346,10686,3.23788134,,536,10686,5.015908666,,548,10686,5.128205128,,559,10686,5.231143552,,687,10686,6.428972487,,709,10686,6.634849336,,853,10686,7.982406888,,789,10686,7.38349242,,727,10686,6.80329403,,564,10686,5.277933745,,401,10686,3.752573461,,227,10686,2.124274752,,249,10686,2.3301516
13450,Griffith (C),1957,26882,7.279964288,,1871,26882,6.960047616,,1842,26882,6.852168737,,1680,26882,6.249535005,,1695,26882,6.305334425,,2105,26882,7.830518563,,1881,26882,6.997247229,,1627,26882,6.052377055,,1512,26882,5.624581504,,1633,26882,6.074696823,,1645,26882,6.119336359,,1684,26882,6.26441485,,1471,26882,5.472063091,,1189,26882,4.423034,,960,26882,3.57116286,,711,26882,2.644892493,,664,26882,2.470054311,,755,26882,2.808570791
13550,Gunnedah (A),942,12661,7.440170603,,969,12661,7.6534239,,817,12661,6.452886818,,710,12661,5.607771898,,706,12661,5.576178817,,869,12661,6.863596872,,845,12661,6.674038386,,714,12661,5.639364979,,671,12661,5.299739357,,751,12661,5.931600979,,771,12661,6.089566385,,846,12661,6.681936656,,777,12661,6.136956007,,623,12661,4.920622384,,553,12661,4.367743464,,442,12661,3.491035463,,366,12661,2.890766922,,289,12661,2.282600111
13660,Gwydir (A),350,5349,6.543279118,,347,5349,6.487193868,,351,5349,6.561974201,,261,5349,4.879416713,,235,5349,4.39334455,,219,5349,4.094223219,,246,5349,4.598990466,,243,5349,4.542905216,,275,5349,5.141147878,,327,5349,6.113292204,,348,5349,6.505888951,,420,5349,7.851934941,,374,5349,6.991961114,,385,5349,7.197607029,,380,5349,7.104131613,,272,5349,5.085062629,,170,5349,3.178164143,,146,5349,2.729482146
13800,Hawkesbury (C),4370,67083,6.514318084,,4504,67083,6.714070629,,4473,67083,6.667859219,,4585,67083,6.834816571,,4788,67083,7.13742677,,4772,67083,7.11357572,,4118,67083,6.138664043,,4029,67083,6.005992576,,4037,67083,6.017918101,,5024,67083,7.48922976,,4655,67083,6.939164915,,4368,67083,6.511336702,,3641,67083,5.427604609,,3212,67083,4.788098326,,2633,67083,3.924988447,,1783,67083,2.657901406,,1124,67083,1.675536276,,967,67083,1.441497846
13850,Hay (A),172,2979,5.77374958,,176,2979,5.908022826,,212,2979,7.116482041,,164,2979,5.505203088,,163,2979,5.471634777,,161,2979,5.404498154,,152,2979,5.10238335,,131,2979,4.397448808,,141,2979,4.733131923,,182,2979,6.109432696,,230,2979,7.720711648,,269,2979,9.029875797,,202,2979,6.780798926,,173,2979,5.807317892,,158,2979,5.303793219,,140,2979,4.699563612,,99,2979,3.32326284,,54,2979,1.812688822
13910,Hilltops (A),1180,18782,6.282611011,,1297,18782,6.905547865,,1284,18782,6.836332659,,1215,18782,6.468959642,,901,18782,4.797146204,,909,18782,4.839740177,,816,18782,4.344585241,,986,18782,5.249707166,,1019,18782,5.425407305,,1147,18782,6.106910872,,1196,18782,6.367798956,,1319,18782,7.022681291,,1243,18782,6.618038548,,1336,18782,7.113193483,,1114,18782,5.931210734,,810,18782,4.312639761,,506,18782,2.694068789,,504,18782,2.683420296
14000,Hornsby (A),8792,150752,5.832095097,,10648,150752,7.063256209,,10120,150752,6.713012099,,10340,150752,6.858947145,,9634,150752,6.390628317,,7533,150752,4.996948631,,8390,150752,5.565431968,,10627,150752,7.049326045,,11263,150752,7.471210996,,11481,150752,7.615819359,,10016,150752,6.644024623,,9722,150752,6.449002335,,8239,150752,5.465267459,,6751,150752,4.478215878,,5992,150752,3.97473997,,4219,150752,2.798636171,,3187,150752,2.114068138,,3798,150752,2.519369561
14100,Hunters Hill (A),724,14909,4.856127172,,944,14909,6.331745925,,1160,14909,7.780535247,,1316,14909,8.826883091,,816,14909,5.473204105,,707,14909,4.742102086,,654,14909,4.386612113,,770,14909,5.164665638,,926,14909,6.211013482,,1136,14909,7.619558656,,985,14909,6.606747602,,904,14909,6.063451606,,788,14909,5.285398082,,804,14909,5.392715809,,726,14909,4.869541887,,520,14909,3.487826145,,351,14909,2.354282648,,678,14909,4.547588705
14170,Inner West (A),11470,198024,5.792227205,,10081,198024,5.090797075,,8319,198024,4.201005939,,7879,198024,3.978810649,,14689,198024,7.417787743,,21705,198024,10.96079263,,20497,198024,10.35076556,,17745,198024,8.961035026,,15139,198024,7.645032925,,14581,198024,7.363248899,,11957,198024,6.038156991,,11090,198024,5.600331273,,8837,198024,4.462590393,,7540,198024,3.807619278,,6051,198024,3.055690219,,3998,198024,2.018947198,,3130,198024,1.580616491,,3316,198024,1.6745445
14200,Inverell (A),1071,16844,6.358347186,,1198,16844,7.112324863,,1203,16844,7.142009024,,1140,16844,6.767988601,,895,16844,5.313464735,,941,16844,5.586559012,,900,16844,5.343148896,,786,16844,4.666350036,,914,16844,5.426264545,,1080,16844,6.411778675,,967,16844,5.740916647,,1194,16844,7.088577535,,1075,16844,6.382094514,,979,16844,5.812158632,,914,16844,5.426264545,,673,16844,3.995488008,,509,16844,3.021847542,,405,16844,2.404417003
14300,Junee (A),392,6631,5.911627206,,400,6631,6.032272659,,391,6631,5.896546524,,332,6631,5.006786307,,422,6631,6.364047655,,508,6631,7.660986277,,516,6631,7.78163173,,479,6631,7.223646509,,437,6631,6.59025788,,457,6631,6.891871513,,402,6631,6.062434022,,450,6631,6.786306741,,420,6631,6.333886292,,322,6631,4.85597949,,304,6631,4.584527221,,191,6631,2.880410195,,95,6631,1.432664756,,113,6631,1.704117026
14350,Kempsey (A),1708,29665,5.757626833,,1803,29665,6.077869543,,1765,29665,5.949772459,,1714,29665,5.777852688,,1366,29665,4.604753076,,1408,29665,4.746334064,,1493,29665,5.032867015,,1345,29665,4.533962582,,1492,29665,5.029496039,,1754,29665,5.912691724,,1951,29665,6.576773976,,2284,29665,7.69930895,,2482,29665,8.366762178,,2316,29665,7.807180179,,1898,29665,6.398112253,,1225,29665,4.129445474,,810,29665,2.730490477,,851,29665,2.868700489
14400,Kiama (A),1244,23006,5.407285056,,1340,23006,5.824567504,,1401,23006,6.089715726,,1332,23006,5.789793967,,1255,23006,5.45509867,,1002,23006,4.355385552,,1101,23006,4.785708076,,1168,23006,5.076936451,,1327,23006,5.768060506,,1441,23006,6.263583413,,1431,23006,6.220116491,,1664,23006,7.232895766,,1843,23006,8.010953664,,1660,23006,7.215508998,,1476,23006,6.415717639,,968,23006,4.207598018,,623,23006,2.70798922,,730,23006,3.173085282
14500,Ku-ring-gai (A),6415,126046,5.089411802,,9129,126046,7.242593974,,9788,126046,7.765418974,,10109,126046,8.020087904,,7686,126046,6.097773829,,5307,126046,4.210367644,,5308,126046,4.211161005,,7557,126046,5.99543024,,8643,126046,6.857020453,,10086,126046,8.001840598,,8973,126046,7.118829634,,8096,126046,6.423051902,,6387,126046,5.06719769,,5681,126046,4.507084715,,5291,126046,4.197673865,,4071,126046,3.229773257,,3228,126046,2.560969805,,4291,126046,3.404312711
14550,Kyogle (A),359,8870,4.04735062,,563,8870,6.34723788,,544,8870,6.133032694,,527,8870,5.941375423,,290,8870,3.269447576,,271,8870,3.05524239,,307,8870,3.461104848,,431,8870,4.859075536,,448,8870,5.050732807,,571,8870,6.437429538,,734,8870,8.275084555,,836,8870,9.425028185,,870,8870,9.808342728,,737,8870,8.308906426,,550,8870,6.200676437,,359,8870,4.04735062,,233,8870,2.626832018,,240,8870,2.705749718
14600,Lachlan (A),478,6151,7.771094131,,523,6151,8.502682491,,411,6151,6.681840351,,338,6151,5.495041457,,285,6151,4.633392944,,383,6151,6.226629816,,390,6151,6.34043245,,327,6151,5.316208747,,321,6151,5.218663632,,309,6151,5.023573403,,345,6151,5.60884409,,424,6151,6.893188099,,402,6151,6.535522679,,334,6151,5.43001138,,303,6151,4.926028288,,217,6151,3.527881645,,185,6151,3.007641034,,176,6151,2.861323362
14650,Lake Macquarie (C),12916,204914,6.303132046,,13150,204914,6.417326293,,12719,204914,6.206994154,,12564,204914,6.131352665,,11894,204914,5.80438623,,11084,204914,5.409098451,,12082,204914,5.896132036,,12056,204914,5.883443786,,12154,204914,5.931268727,,13657,204914,6.664747162,,12710,204914,6.202602067,,13616,204914,6.644738768,,12711,204914,6.203090077,,12023,204914,5.867339469,,10965,204914,5.351025308,,7475,204914,3.64787179,,5451,204914,2.660140352,,5687,204914,2.775310618
14700,Lane Cove (A),2761,39486,6.99235172,,2419,39486,6.126221952,,2171,39486,5.498151243,,2156,39486,5.460163096,,2128,39486,5.389251887,,3215,39486,8.142126323,,3973,39486,10.06179405,,3557,39486,9.008256091,,2949,39486,7.468469837,,2664,39486,6.746695031,,2275,39486,5.761535734,,2074,39486,5.252494555,,1852,39486,4.690269969,,1469,39486,3.720305931,,1391,39486,3.522767563,,927,39486,2.347667528,,632,39486,1.60056729,,873,39486,2.210910196
14750,Leeton (A),764,11438,6.679489421,,768,11438,6.71446057,,899,11438,7.859765693,,1011,11438,8.83895786,,598,11438,5.228186746,,693,11438,6.05875153,,629,11438,5.499213149,,540,11438,4.721105088,,633,11438,5.534184298,,732,11438,6.399720231,,684,11438,5.980066445,,830,11438,7.256513376,,657,11438,5.744011191,,545,11438,4.764819024,,515,11438,4.502535408,,399,11438,3.488372093,,286,11438,2.500437139,,255,11438,2.229410736
14850,Lismore (C),2309,43843,5.266519171,,2699,43843,6.156056839,,2946,43843,6.719430696,,2812,43843,6.413794676,,2552,43843,5.820769564,,2252,43843,5.136509819,,2221,43843,5.065802979,,2514,43843,5.734096663,,2614,43843,5.962183245,,2945,43843,6.71714983,,3047,43843,6.949798143,,3478,43843,7.93285131,,3260,43843,7.435622562,,2781,43843,6.343087836,,1942,43843,4.429441416,,1414,43843,3.225144265,,965,43843,2.201035513,,1092,43843,2.490705472
14870,Lithgow (C),1204,21636,5.564799408,,1263,21636,5.837493067,,1281,21636,5.920687743,,1244,21636,5.749676465,,1137,21636,5.255130338,,1178,21636,5.444629322,,1170,21636,5.40765391,,1072,21636,4.954705121,,1224,21636,5.657237937,,1416,21636,6.544647809,,1425,21636,6.586245147,,1667,21636,7.70475134,,1487,21636,6.872804585,,1502,21636,6.942133481,,1316,21636,6.082455167,,905,21636,4.182843409,,557,21636,2.574413015,,588,21636,2.717692734
14900,Liverpool (C),17541,223304,7.855210834,,16883,223304,7.560545266,,16273,223304,7.287375058,,15820,223304,7.084512593,,16366,223304,7.329022319,,16691,223304,7.474563823,,17148,223304,7.679217569,,16738,223304,7.495611364,,15049,223304,6.739243363,,14969,223304,6.703417762,,13389,223304,5.995862143,,12655,223304,5.667162254,,10148,223304,4.544477484,,8030,223304,3.595994698,,6107,223304,2.734836814,,4240,223304,1.898756852,,2844,223304,1.273600115,,2413,223304,1.080589689
14920,Liverpool Plains (A),477,7893,6.043329532,,534,7893,6.765488407,,508,7893,6.436082605,,488,7893,6.182693526,,313,7893,3.965539085,,342,7893,4.33295325,,430,7893,5.447865197,,387,7893,4.903078677,,417,7893,5.283162296,,525,7893,6.651463322,,481,7893,6.094007348,,597,7893,7.563664006,,624,7893,7.905739263,,524,7893,6.638793868,,487,7893,6.170024072,,343,7893,4.345622704,,245,7893,3.104016217,,171,7893,2.166476625
14950,Lockhart (A),248,3295,7.526555387,,247,3295,7.496206373,,218,3295,6.616084977,,203,3295,6.160849772,,132,3295,4.006069803,,143,3295,4.339908953,,152,3295,4.613050076,,161,3295,4.886191199,,158,3295,4.795144158,,197,3295,5.97875569,,213,3295,6.464339909,,273,3295,8.285280728,,236,3295,7.162367223,,223,3295,6.767830046,,165,3295,5.007587253,,123,3295,3.73292868,,92,3295,2.792109256,,111,3295,3.368740516
15050,Maitland (C),6119,83203,7.354302129,,6408,83203,7.701645373,,5857,83203,7.039409637,,5211,83203,6.262995325,,5208,83203,6.259389685,,6201,83203,7.452856267,,5972,83203,7.177625807,,5327,83203,6.402413375,,5279,83203,6.344723147,,5606,83203,6.737737822,,4860,83203,5.841135536,,4960,83203,5.96132351,,4337,83203,5.212552432,,3824,83203,4.595988125,,3238,83203,3.891686598,,2077,83203,2.49630422,,1360,83203,1.634556446,,1359,83203,1.633354567
15240,Mid-Coast (A),4365,93288,4.6790584,,5038,93288,5.400480233,,5310,93288,5.692050424,,5019,93288,5.380113198,,3589,93288,3.847225795,,3534,93288,3.788268588,,3703,93288,3.969428008,,3844,93288,4.12057285,,4427,93288,4.745519252,,5423,93288,5.813180688,,5751,93288,6.164780036,,7152,93288,7.666580911,,7805,93288,8.36656376,,8229,93288,8.821070234,,7764,93288,8.322613841,,5356,93288,5.741360089,,3462,93288,3.711088243,,3517,93288,3.770045451
15270,Mid-Western Regional (A),1749,25086,6.972016264,,1808,25086,7.207207207,,1690,25086,6.736825321,,1422,25086,5.668500359,,1187,25086,4.731722873,,1330,25086,5.301761939,,1490,25086,5.939567886,,1440,25086,5.740253528,,1427,25086,5.688431795,,1676,25086,6.6810173,,1652,25086,6.585346408,,1823,25086,7.267001515,,1574,25086,6.274416009,,1430,25086,5.700390656,,1325,25086,5.281830503,,967,25086,3.854739695,,586,25086,2.335964283,,510,25086,2.033006458
15300,Moree Plains (A),1065,13350,7.97752809,,1074,13350,8.04494382,,927,13350,6.943820225,,751,13350,5.625468165,,801,13350,6,,900,13350,6.741573034,,870,13350,6.516853933,,769,13350,5.760299625,,765,13350,5.730337079,,869,13350,6.509363296,,922,13350,6.906367041,,920,13350,6.891385768,,717,13350,5.370786517,,663,13350,4.966292135,,544,13350,4.074906367,,379,13350,2.838951311,,227,13350,1.700374532,,187,13350,1.400749064
15350,Mosman (A),1595,30877,5.165657285,,1868,30877,6.049810539,,1927,30877,6.240891278,,1758,30877,5.693558312,,1485,30877,4.809405059,,1653,30877,5.353499368,,2037,30877,6.597143505,,2160,30877,6.995498267,,2143,30877,6.940441105,,2324,30877,7.526637951,,2238,30877,7.248113483,,2063,30877,6.681348577,,1615,30877,5.230430417,,1591,30877,5.152702659,,1644,30877,5.324351459,,1079,30877,3.494510477,,728,30877,2.357742009,,969,30877,3.13825825
15520,Murray River (A),668,12118,5.512460802,,792,12118,6.535731969,,732,12118,6.040600759,,662,12118,5.462947681,,473,12118,3.90328437,,482,12118,3.977554052,,558,12118,4.604720251,,619,12118,5.108103647,,644,12118,5.314408318,,728,12118,6.007592012,,750,12118,6.189140122,,933,12118,7.699290312,,914,12118,7.542498762,,884,12118,7.294933157,,913,12118,7.534246575,,614,12118,5.066842713,,383,12118,3.160587556,,369,12118,3.04505694
15560,Murrumbidgee (A),244,3961,6.160060591,,285,3961,7.195152739,,311,3961,7.851552638,,267,3961,6.74072204,,247,3961,6.235799041,,231,3961,5.831860641,,204,3961,5.150214592,,197,3961,4.973491543,,215,3961,5.427922242,,251,3961,6.33678364,,258,3961,6.51350669,,309,3961,7.801060338,,239,3961,6.033829841,,218,3961,5.503660692,,186,3961,4.695783893,,130,3961,3.281999495,,95,3961,2.398384246,,74,3961,1.868215097
15650,Muswellbrook (A),1267,16383,7.73362632,,1250,16383,7.629860221,,1220,16383,7.446743576,,1039,16383,6.341939816,,966,16383,5.896355979,,1113,16383,6.793627541,,1176,16383,7.178172496,,1091,16383,6.659342001,,997,16383,6.085576512,,1139,16383,6.952328633,,1104,16383,6.738692547,,1020,16383,6.22596594,,858,16383,5.237136056,,714,16383,4.358176158,,576,16383,3.51583959,,396,16383,2.417139718,,253,16383,1.544283709,,204,16383,1.245193188
15700,Nambucca (A),1039,19773,5.254640166,,1093,19773,5.527739847,,1222,19773,6.180144642,,1114,19773,5.633945279,,736,19773,3.722247509,,809,19773,4.091437819,,767,19773,3.879026956,,802,19773,4.056036009,,913,19773,4.617407576,,1146,19773,5.795782127,,1256,19773,6.352096293,,1736,19773,8.779649016,,1672,19773,8.45597532,,1664,19773,8.415516108,,1492,19773,7.545643049,,953,19773,4.819703636,,662,19773,3.347999798,,697,19773,3.52500885
15750,Narrabri (A),970,13231,7.331267478,,1072,13231,8.102184264,,946,13231,7.149875293,,762,13231,5.759201874,,663,13231,5.010959111,,751,13231,5.67606379,,810,13231,6.121986244,,721,13231,5.449323558,,739,13231,5.585367697,,790,13231,5.97082609,,850,13231,6.424306553,,1032,13231,7.799863956,,802,13231,6.061522183,,726,13231,5.487113597,,600,13231,4.534804626,,459,13231,3.469125539,,300,13231,2.267402313,,238,13231,1.798805835
15800,Narrandera (A),415,5931,6.997133704,,438,5931,7.384926657,,397,5931,6.693643568,,299,5931,5.04130838,,299,5931,5.04130838,,307,5931,5.176192885,,289,5931,4.872702748,,295,5931,4.973866127,,341,5931,5.749452032,,341,5931,5.749452032,,347,5931,5.850615411,,499,5931,8.413421008,,408,5931,6.879109762,,366,5931,6.17096611,,316,5931,5.327937953,,231,5931,3.894790086,,159,5931,2.68082954,,184,5931,3.102343618
15850,Narromine (A),485,6567,7.385411908,,497,6567,7.568143749,,481,6567,7.324501294,,397,6567,6.045378407,,321,6567,4.888076747,,316,6567,4.81193848,,379,6567,5.771280646,,360,6567,5.481955231,,321,6567,4.888076747,,396,6567,6.030150754,,357,6567,5.43627227,,473,6567,7.202680067,,449,6567,6.837216385,,387,6567,5.893101873,,334,6567,5.086036242,,243,6567,3.700319781,,196,6567,2.98462007,,175,6567,2.664839348
15900,Newcastle (C),9641,164104,5.874932969,,9735,164104,5.932213718,,8763,164104,5.339906401,,9435,164104,5.749402818,,15064,164104,9.179544679,,14291,164104,8.708501926,,12218,164104,7.445278604,,10827,164104,6.597645396,,9937,164104,6.055306391,,10685,164104,6.511114903,,9608,164104,5.85482377,,10040,164104,6.118071467,,8897,164104,5.421561936,,7280,164104,4.436211183,,6124,164104,3.731779847,,4334,164104,2.641008141,,3292,164104,2.006044947,,3933,164104,2.396650904
15950,North Sydney (A),4350,74172,5.864746805,,2982,74172,4.020385051,,2356,74172,3.176400798,,2143,74172,2.889230437,,3659,74172,4.933128404,,8315,74172,11.21042981,,9525,74172,12.84177318,,7653,74172,10.31790972,,5619,74172,7.575635011,,4783,74172,6.44852505,,4133,74172,5.572183573,,4081,74172,5.502076255,,3736,74172,5.036941164,,3442,74172,4.640565173,,2963,74172,3.994768915,,1993,74172,2.686997789,,1170,74172,1.577414658,,1269,74172,1.710888206
15990,Northern Beaches (A),16507,271278,6.084901835,,18367,271278,6.770545345,,17823,271278,6.570013049,,16041,271278,5.913122332,,14834,271278,5.468191302,,15729,271278,5.798111163,,17426,271278,6.423668709,,19132,271278,7.052543885,,20245,271278,7.462824114,,21160,271278,7.800116486,,18385,271278,6.777180604,,16687,271278,6.151254433,,13995,271278,5.158914472,,12291,271278,4.530776547,,11483,271278,4.232927108,,8321,271278,3.067333142,,5851,271278,2.156828051,,7001,271278,2.580747425
16100,Oberon (A),312,5408,5.769230769,,306,5408,5.658284024,,320,5408,5.917159763,,364,5408,6.730769231,,335,5408,6.194526627,,286,5408,5.288461538,,257,5408,4.752218935,,256,5408,4.733727811,,258,5408,4.770710059,,379,5408,7.008136095,,412,5408,7.618343195,,371,5408,6.860207101,,362,5408,6.693786982,,415,5408,7.673816568,,355,5408,6.564349112,,202,5408,3.735207101,,124,5408,2.292899408,,94,5408,1.73816568
16150,Orange (C),3220,42056,7.656458056,,3075,42056,7.311679665,,2818,42056,6.70058969,,2673,42056,6.355811299,,2513,42056,5.975366178,,2932,42056,6.971656839,,2963,42056,7.045368081,,2667,42056,6.341544607,,2565,42056,6.099010843,,2615,42056,6.217899943,,2416,42056,5.744721324,,2455,42056,5.837454822,,2198,42056,5.226364847,,2033,42056,4.834030816,,1759,42056,4.182518547,,1240,42056,2.948449686,,979,42056,2.327848583,,935,42056,2.223226175
16200,Parkes (A),967,14894,6.492547334,,1087,14894,7.298240902,,1033,14894,6.935678797,,999,14894,6.707398953,,884,14894,5.93527595,,812,14894,5.451859809,,837,14894,5.619712636,,807,14894,5.418289244,,771,14894,5.176581174,,891,14894,5.982274742,,906,14894,6.082986437,,1013,14894,6.801396536,,1011,14894,6.787968309,,852,14894,5.720424332,,684,14894,4.592453337,,516,14894,3.464482342,,401,14894,2.692359339,,423,14894,2.840069827
16260,Parramatta (C),18437,251311,7.336328294,,16215,251311,6.452164848,,12370,251311,4.922188046,,12025,251311,4.784907943,,16740,251311,6.661069352,,23846,251311,9.488641564,,27731,251311,11.0345349,,24173,251311,9.618759227,,17273,251311,6.873157164,,14968,251311,5.95596691,,13119,251311,5.220225139,,12910,251311,5.137061251,,11264,251311,4.482095889,,9069,251311,3.608676103,,7620,251311,3.032099669,,5386,251311,2.143161262,,3935,251311,1.565789002,,4230,251311,1.683173438
16350,Penrith (C),15918,209210,7.608622915,,15214,209210,7.272118924,,13749,209210,6.57186559,,13275,209210,6.345298982,,15266,209210,7.296974332,,17122,209210,8.184121218,,16858,209210,8.057932221,,15475,209210,7.396873954,,13759,209210,6.576645476,,13592,209210,6.496821376,,11926,209210,5.700492328,,12056,209210,5.762630849,,10581,209210,5.057597629,,8885,209210,4.246928923,,6652,209210,3.179580326,,4065,209210,1.943023756,,2528,209210,1.208355241,,2289,209210,1.09411596
16380,Port Macquarie-Hastings (A),3935,83131,4.733492921,,5082,83131,6.113242954,,5190,83131,6.243158389,,4728,83131,5.687409029,,3350,83131,4.029784316,,3764,83131,4.527793483,,3697,83131,4.447197796,,4078,83131,4.90551058,,4365,83131,5.250748818,,5287,83131,6.359841696,,4958,83131,5.964080788,,5915,83131,7.11527589,,5869,83131,7.059941538,,6152,83131,7.400368094,,6043,83131,7.269249738,,4441,83131,5.342170791,,3027,83131,3.641240933,,3250,83131,3.909492247
16400,Port Stephens (A),4001,72695,5.503817319,,4535,72695,6.238393287,,4649,72695,6.395212876,,4250,72695,5.846344315,,3727,72695,5.126900062,,3567,72695,4.906802394,,3692,72695,5.078753697,,3777,72695,5.195680583,,4093,72695,5.630373478,,4673,72695,6.428227526,,4661,72695,6.411720201,,5182,72695,7.128413233,,4932,72695,6.784510627,,5069,72695,6.972969255,,4848,72695,6.668959351,,3234,72695,4.448724121,,2004,72695,2.756723296,,1801,72695,2.477474379
16490,Queanbeyan-Palerang Regional (A),4199,59959,7.003118798,,3993,59959,6.659550693,,3831,59959,6.389366067,,3641,59959,6.072482863,,3475,59959,5.795627012,,4120,59959,6.871362097,,4348,59959,7.251621942,,4072,59959,6.791307393,,4225,59959,7.046481763,,4725,59959,7.88038493,,4539,59959,7.570172952,,4108,59959,6.851348421,,3335,59959,5.562134125,,2658,59959,4.433029237,,1964,59959,3.275571641,,1308,59959,2.181490685,,786,59959,1.310895779,,632,59959,1.054053603
16550,Randwick (C),8214,154265,5.324603766,,7572,154265,4.908436781,,6667,154265,4.321783943,,8710,154265,5.646128415,,17919,154265,11.61572619,,17196,154265,11.14705215,,13699,154265,8.880173727,,12157,154265,7.88059508,,9920,154265,6.430492983,,9472,154265,6.140083622,,8245,154265,5.344699057,,7630,154265,4.946034421,,6561,154265,4.253071014,,5696,154265,3.692347584,,5075,154265,3.289793537,,3668,154265,2.377726639,,2731,154265,1.770330276,,3133,154265,2.030920818
16610,Richmond Valley (A),1478,23399,6.316509253,,1570,23399,6.709688448,,1525,23399,6.517372537,,1536,23399,6.564383093,,1227,23399,5.243813838,,1099,23399,4.696781914,,1066,23399,4.555750246,,1067,23399,4.560023933,,1245,23399,5.320740203,,1459,23399,6.235309201,,1480,23399,6.325056626,,1692,23399,7.231078251,,1633,23399,6.978930724,,1598,23399,6.829351682,,1381,23399,5.901961622,,968,23399,4.136928929,,711,23399,3.038591393,,664,23399,2.837728108
16650,Rockdale (C),7547.779425,121462.4105,6.214086639,,6241.057922,121462.4105,5.138262854,,5483.911721,121462.4105,4.514904403,,6050.900689,121462.4105,4.981706408,,9747.473724,121462.4105,8.025094909,,13024.02913,121462.4105,10.72268291,,12656.94905,121462.4105,10.42046588,,9873.548666,121462.4105,8.128892406,,7873.763254,121462.4105,6.482469119,,7522.703746,121462.4105,6.193441833,,6503.656007,121462.4105,5.354459852,,6287.726547,121462.4105,5.176685132,,5465.104962,121462.4105,4.499420798,,4869.557582,121462.4105,4.009106653,,4087.335702,121462.4105,3.365103396,,3094.060189,121462.4105,2.547339687,,2465.07857,121462.4105,2.029499134,,2667.773643,121462.4105,2.196377983
16700,Ryde (C),7705,127446,6.045697786,,7098,127446,5.569417636,,5940,127446,4.660797514,,6391,127446,5.014672881,,11141,127446,8.7417416,,12440,127446,9.760996814,,12090,127446,9.486370698,,10680,127446,8.380019773,,8386,127446,6.580041743,,7622,127446,5.980572164,,7162,127446,5.619634983,,6748,127446,5.29479152,,6174,127446,4.844404689,,5149,127446,4.040142492,,4038,127446,3.168400734,,3051,127446,2.393955087,,2483,127446,1.948276133,,3148,127446,2.470065753
16900,Shellharbour (C),4673,72240,6.468715393,,4970,72240,6.879844961,,4868,72240,6.738648948,,4878,72240,6.752491694,,4672,72240,6.467331118,,4348,72240,6.018826135,,4629,72240,6.407807309,,4407,72240,6.100498339,,4422,72240,6.121262458,,4910,72240,6.796788483,,4470,72240,6.187707641,,4826,72240,6.680509413,,4130,72240,5.717054264,,3658,72240,5.063676633,,3169,72240,4.386766334,,2270,72240,3.142303433,,1502,72240,2.079180509,,1438,72240,1.990586932
16950,Shoalhaven (C),5669,104371,5.431585402,,6057,104371,5.803336176,,6041,104371,5.788006247,,5573,104371,5.339605829,,5028,104371,4.817430129,,5150,104371,4.934320836,,5089,104371,4.875875483,,5182,104371,4.964980694,,5379,104371,5.153730442,,6102,104371,5.846451601,,6150,104371,5.892441387,,7633,104371,7.313334164,,7970,104371,7.636220789,,8148,104371,7.806766247,,7474,104371,7.160992996,,5028,104371,4.817430129,,3478,104371,3.332343275,,3220,104371,3.085148173
17000,Singleton (A),1622,23422,6.925113141,,1756,23422,7.497224831,,1703,23422,7.27094185,,1583,23422,6.758603023,,1322,23422,5.644266075,,1500,23422,6.404235334,,1578,23422,6.737255572,,1463,23422,6.246264196,,1521,23422,6.493894629,,1691,23422,7.219707967,,1627,23422,6.946460593,,1596,23422,6.814106396,,1326,23422,5.661344036,,1075,23422,4.58970199,,845,23422,3.607719238,,536,23422,2.288446759,,337,23422,1.438818205,,341,23422,1.455896166
17040,Snowy Monaro Regional (A),1034,20733,4.987218444,,1197,20733,5.773404717,,1398,20733,6.74287368,,1145,20733,5.522596826,,1125,20733,5.426132253,,1236,20733,5.961510635,,1254,20733,6.048328751,,1116,20733,5.382723195,,1295,20733,6.246081127,,1555,20733,7.500120581,,1432,20733,6.906863454,,1592,20733,7.678580041,,1379,20733,6.651232335,,1284,20733,6.193025611,,1051,20733,5.069213331,,727,20733,3.506487243,,478,20733,2.305503304,,435,20733,2.098104471
17080,Snowy Valleys (A),885,14532,6.090008258,,985,14532,6.778144784,,937,14532,6.447839251,,783,14532,5.388109001,,602,14532,4.142581888,,728,14532,5.009633911,,800,14532,5.50509221,,799,14532,5.498210845,,836,14532,5.75282136,,910,14532,6.262042389,,906,14532,6.234516928,,1065,14532,7.328654005,,1089,14532,7.493806771,,998,14532,6.867602532,,851,14532,5.856041839,,600,14532,4.128819158,,381,14532,2.621800165,,377,14532,2.594274704
17100,Strathfield (A),2574,45143,5.70188069,,2227,45143,4.933212237,,2025,45143,4.485745298,,2434,45143,5.391755089,,4674,45143,10.3537647,,6034,45143,13.3664134,,4953,45143,10.97180072,,3403,45143,7.538267284,,2494,45143,5.524666061,,2385,45143,5.283211129,,2364,45143,5.236692289,,2252,45143,4.988591808,,1992,45143,4.412644264,,1533,45143,3.39587533,,1193,45143,2.642713156,,951,45143,2.106638903,,760,45143,1.683538976,,895,45143,1.982588663
17150,Sutherland Shire (A),14315,229213,6.245282772,,14955,229213,6.524499047,,14449,229213,6.303743679,,13852,229213,6.043287248,,14091,229213,6.147557076,,14295,229213,6.236557263,,14369,229213,6.268841645,,14897,229213,6.499195072,,15609,229213,6.809823178,,16615,229213,7.24871626,,14606,229213,6.372238922,,14986,229213,6.538023585,,13295,229213,5.800281834,,11280,229213,4.921186844,,9888,229213,4.313891446,,6723,229213,2.933079712,,4988,229213,2.176141842,,6000,229213,2.617652576
17200,Sydney (C),8836,240229,3.678157092,,4678,240229,1.94730861,,3410,240229,1.419478914,,8146,240229,3.390931153,,34840,240229,14.50282855,,45037,240229,18.7475284,,35720,240229,14.86914569,,22880,240229,9.524245616,,14915,240229,6.208659238,,12730,240229,5.299110432,,10537,240229,4.386231471,,9981,240229,4.154785642,,8433,240229,3.510400493,,6834,240229,2.8447856,,5469,240229,2.276577765,,3351,240229,1.394919015,,2252,240229,0.93743886,,2180,240229,0.907467458
17310,Tamworth Regional (A),4103,62156,6.601132634,,4427,62156,7.122401699,,4394,62156,7.069309479,,4065,62156,6.539996139,,3334,62156,5.363923032,,4098,62156,6.593088358,,3960,62156,6.371066349,,3661,62156,5.890018663,,3444,62156,5.540897098,,3896,62156,6.26809962,,3695,62156,5.944719737,,3928,62156,6.319582985,,3695,62156,5.944719737,,3413,62156,5.491022588,,2896,62156,4.659244482,,2155,62156,3.467082824,,1511,62156,2.430980115,,1481,62156,2.38271446
17350,Temora (A),402,6274,6.407395601,,428,6274,6.821804272,,402,6274,6.407395601,,375,6274,5.977048135,,269,6274,4.287535862,,295,6274,4.701944533,,321,6274,5.116353204,,284,6274,4.526617788,,306,6274,4.877271278,,360,6274,5.73796621,,440,6274,7.013069812,,468,6274,7.459356073,,418,6274,6.662416321,,428,6274,6.821804272,,396,6274,6.311762831,,278,6274,4.430985018,,211,6274,3.363085751,,193,6274,3.07618744
17400,Tenterfield (A),299,6638,4.504368786,,374,6638,5.634227177,,381,6638,5.739680627,,351,6638,5.28773727,,202,6638,3.043085267,,214,6638,3.223862609,,200,6638,3.01295571,,282,6638,4.24826755,,347,6638,5.227478156,,407,6638,6.131364869,,414,6638,6.236818319,,609,6638,9.174450136,,666,6638,10.03314251,,647,6638,9.74691172,,570,6638,8.586923772,,305,6638,4.594757457,,204,6638,3.073214824,,166,6638,2.500753239
17420,The Hills Shire (A),10609,172473,6.15110771,,13367,172473,7.750198582,,12851,172473,7.451021319,,12245,172473,7.099661976,,11800,172473,6.841650577,,9171,172473,5.317354021,,9506,172473,5.511587321,,12655,172473,7.337380344,,12981,172473,7.526395436,,13236,172473,7.674244664,,11045,172473,6.4039009,,10511,172473,6.094287222,,9097,172473,5.274448754,,8053,172473,4.669136618,,6679,172473,3.872490187,,4062,172473,2.355151241,,2588,172473,1.50052472,,2017,172473,1.169458408
17550,Tweed (A),5131,96108,5.338785533,,5757,96108,5.990136097,,5688,96108,5.918341865,,5418,96108,5.637407916,,4490,96108,4.671827527,,4103,96108,4.269155533,,4666,96108,4.854954842,,5134,96108,5.341907021,,5508,96108,5.731052566,,6265,96108,6.51870812,,5874,96108,6.111874142,,7095,96108,7.38231989,,7045,96108,7.330295085,,6695,96108,6.966121447,,5886,96108,6.124360095,,4444,96108,4.623964706,,3324,96108,3.458609065,,3585,96108,3.730178549
17620,Upper Hunter Shire (A),845,14220,5.94233474,,994,14220,6.990154712,,1122,14220,7.890295359,,850,14220,5.977496484,,665,14220,4.676511955,,762,14220,5.358649789,,910,14220,6.399437412,,830,14220,5.836849508,,867,14220,6.097046414,,959,14220,6.744022504,,897,14220,6.308016878,,992,14220,6.976090014,,901,14220,6.336146273,,797,14220,5.604781997,,660,14220,4.641350211,,456,14220,3.206751055,,362,14220,2.545710267,,351,14220,2.46835443
17640,Upper Lachlan Shire (A),462,7961,5.803291044,,496,7961,6.230373069,,487,7961,6.117321944,,488,7961,6.129883181,,343,7961,4.308503957,,328,7961,4.120085416,,316,7961,3.969350584,,384,7961,4.823514634,,436,7961,5.476698907,,536,7961,6.73282251,,578,7961,7.260394423,,658,7961,8.265293305,,579,7961,7.272955659,,580,7961,7.285516895,,465,7961,5.840974752,,387,7961,4.861198342,,214,7961,2.688104509,,224,7961,2.81371687
17650,Uralla (A),303,6062,4.998350379,,368,6062,6.070603761,,477,6062,7.868690201,,408,6062,6.730451996,,244,6062,4.025074233,,251,6062,4.140547674,,242,6062,3.992081821,,289,6062,4.767403497,,348,6062,5.740679644,,438,6062,7.225338172,,436,6062,7.19234576,,510,6062,8.413064995,,491,6062,8.099637083,,410,6062,6.763444408,,367,6062,6.054107555,,257,6062,4.239524909,,108,6062,1.781590234,,115,6062,1.897063675
17750,Wagga Wagga (C),4572,64820,7.053378587,,4530,64820,6.98858377,,4258,64820,6.568960197,,4490,64820,6.926874421,,5162,64820,7.963591484,,4950,64820,7.636531935,,4470,64820,6.896019747,,3959,64820,6.107682814,,3715,64820,5.731255785,,3974,64820,6.13082382,,3598,64820,5.55075594,,3861,64820,5.956494909,,3472,64820,5.35637149,,2942,64820,4.538722616,,2397,64820,3.697932737,,1820,64820,2.807775378,,1278,64820,1.971613699,,1372,64820,2.11663067
17850,Walcha (A),180,3132,5.747126437,,181,3132,5.779054917,,187,3132,5.970625798,,169,3132,5.395913155,,122,3132,3.895274585,,163,3132,5.204342273,,142,3132,4.533844189,,146,3132,4.66155811,,146,3132,4.66155811,,208,3132,6.641123883,,201,3132,6.417624521,,234,3132,7.471264368,,234,3132,7.471264368,,242,3132,7.726692209,,212,3132,6.768837803,,183,3132,5.842911877,,97,3132,3.09706258,,85,3132,2.713920817
17900,Walgett (A),404,6051,6.676582383,,430,6051,7.106263428,,459,6051,7.585523054,,249,6051,4.11502231,,247,6051,4.081969922,,387,6051,6.395637085,,336,6051,5.55280119,,332,6051,5.486696414,,304,6051,5.023962981,,404,6051,6.676582383,,394,6051,6.511320443,,485,6051,8.015204098,,452,6051,7.469839696,,396,6051,6.544372831,,332,6051,5.486696414,,245,6051,4.048917534,,122,6051,2.01619567,,73,6051,1.206412163
17950,Warren (A),201,2745,7.322404372,,211,2745,7.686703097,,199,2745,7.249544627,,140,2745,5.100182149,,101,2745,3.679417122,,175,2745,6.375227687,,155,2745,5.646630237,,146,2745,5.318761384,,145,2745,5.282331512,,161,2745,5.865209472,,156,2745,5.683060109,,223,2745,8.123861566,,163,2745,5.938069217,,179,2745,6.520947177,,149,2745,5.428051002,,114,2745,4.153005464,,72,2745,2.62295082,,55,2745,2.003642987
18020,Warrumbungle Shire (A),517,9399,5.500585169,,580,9399,6.170869241,,653,9399,6.947547611,,596,9399,6.341100117,,344,9399,3.659963826,,323,9399,3.436535802,,391,9399,4.160017023,,376,9399,4.000425577,,507,9399,5.394190871,,597,9399,6.351739547,,619,9399,6.585807001,,694,9399,7.38376423,,719,9399,7.649749973,,697,9399,7.415682519,,686,9399,7.298648792,,451,9399,4.798382807,,329,9399,3.50037238,,320,9399,3.404617513
18050,Waverley (A),4598,74114,6.203956068,,3899,74114,5.260814421,,3328,74114,4.490379685,,2841,74114,3.83328386,,4253,74114,5.738456972,,8455,74114,11.40810103,,9349,74114,12.61435086,,7048,74114,9.509674286,,5401,74114,7.287422079,,4979,74114,6.718028982,,4003,74114,5.401138786,,3481,74114,4.696818415,,2958,74114,3.991148771,,2751,74114,3.711849313,,2367,74114,3.19372858,,1546,74114,2.085975659,,1217,74114,1.642064927,,1640,74114,2.212807297
18100,Weddin (A),179,3636,4.922992299,,215,3636,5.913091309,,223,3636,6.133113311,,182,3636,5.00550055,,125,3636,3.437843784,,134,3636,3.685368537,,132,3636,3.630363036,,183,3636,5.0330033,,184,3636,5.060506051,,206,3636,5.665566557,,268,3636,7.370737074,,278,3636,7.645764576,,305,3636,8.388338834,,299,3636,8.223322332,,270,3636,7.425742574,,191,3636,5.253025303,,135,3636,3.712871287,,127,3636,3.492849285
18200,Wentworth (A),476,7042,6.75944334,,465,7042,6.603237717,,468,7042,6.64583925,,419,7042,5.950014201,,305,7042,4.331155922,,341,7042,4.842374325,,347,7042,4.927577393,,354,7042,5.026980971,,386,7042,5.48139733,,455,7042,6.461232604,,455,7042,6.461232604,,558,7042,7.92388526,,530,7042,7.526270946,,461,7042,6.546435672,,429,7042,6.092019313,,273,7042,3.876739563,,172,7042,2.44248793,,148,7042,2.10167566
18250,Willoughby (C),5123,80339,6.376728613,,5666,80339,7.052614546,,4871,80339,6.063057793,,4267,80339,5.311243605,,5053,80339,6.289597829,,5900,80339,7.343880307,,6372,80339,7.931390732,,7046,80339,8.770335702,,6325,80339,7.872888634,,5783,80339,7.198247427,,4831,80339,6.013268774,,4311,80339,5.366011526,,3763,80339,4.683901965,,3299,80339,4.106349345,,2744,80339,3.415526706,,1780,80339,2.215611347,,1376,80339,1.712742255,,1829,80339,2.276602895
18350,Wingecarribee (A),2573,50493,5.095755847,,3063,50493,6.066187392,,3315,50493,6.565266473,,3455,50493,6.842532628,,2204,50493,4.36496148,,2138,50493,4.234250292,,2244,50493,4.444180381,,2397,50493,4.74719268,,2788,50493,5.521557444,,3359,50493,6.652407264,,3264,50493,6.464262373,,3495,50493,6.92175153,,3334,50493,6.602895451,,3524,50493,6.979185234,,3657,50493,7.242588082,,2628,50493,5.204681837,,1604,50493,3.176677955,,1451,50493,2.873665657
18400,Wollondilly (A),3658,52230,7.003637756,,3940,52230,7.543557343,,3891,52230,7.449741528,,3663,52230,7.013210798,,3354,52230,6.421596783,,3153,52230,6.036760482,,3320,52230,6.356500096,,3297,52230,6.312464101,,3460,52230,6.62454528,,3799,52230,7.273597549,,3314,52230,6.345012445,,3373,52230,6.457974344,,2871,52230,5.496840896,,2492,52230,4.771204289,,1986,52230,3.802412407,,1210,52230,2.31667624,,797,52230,1.525942945,,652,52230,1.248324718
18450,Wollongong (C),12993,216071,6.013301183,,13275,216071,6.143813839,,12632,216071,5.846226472,,13248,216071,6.131317946,,18016,216071,8.338000009,,15957,216071,7.385072499,,13942,216071,6.452508666,,13465,216071,6.231747898,,13266,216071,6.139648541,,14128,216071,6.538591482,,12844,216071,5.944342369,,13509,216071,6.252111574,,11814,216071,5.467647209,,10253,216071,4.745199495,,9094,216071,4.208801736,,6815,216071,3.154055843,,5380,216071,2.489922294,,5440,216071,2.517690944
18500,Woollahra (A),3044,58964,5.162472017,,3000,58964,5.087850214,,3002,58964,5.091242114,,2949,58964,5.00135676,,3452,58964,5.854419646,,5519,58964,9.359948443,,5189,58964,8.80028492,,4290,58964,7.275625806,,3762,58964,6.380164168,,3981,58964,6.751577234,,3540,58964,6.003663252,,3433,58964,5.822196595,,3018,58964,5.118377315,,2829,58964,4.797842752,,2940,58964,4.986093209,,1948,58964,3.303710739,,1351,58964,2.291228546,,1717,58964,2.911946272
18710,Yass Valley (A),1036,16953,6.1110128,,1245,16953,7.34383295,,1312,16953,7.739043237,,1106,16953,6.52391907,,815,16953,4.807408718,,749,16953,4.418097092,,819,16953,4.831003362,,963,16953,5.680410547,,1159,16953,6.836548104,,1421,16953,8.381997287,,1218,16953,7.184569103,,1192,16953,7.031203917,,1096,16953,6.46493246,,945,16953,5.574234649,,777,16953,4.5832596,,504,16953,2.972925146,,308,16953,1.816787589,,288,16953,1.698814369
19399,Unincorporated NSW,69,1080,6.388888889,,82,1080,7.592592593,,53,1080,4.907407407,,16,1080,1.481481481,,31,1080,2.87037037,,102,1080,9.444444444,,67,1080,6.203703704,,96,1080,8.888888889,,62,1080,5.740740741,,73,1080,6.759259259,,62,1080,5.740740741,,126,1080,11.66666667,,65,1080,6.018518519,,54,1080,5,,43,1080,3.981481481,,39,1080,3.611111111,,20,1080,1.851851852,,20,1080,1.851851852
